np,time,ite,resi
1,3.726431,6,2.221196e-09
2,4.968389,9,2.633057e-09
4,3.064132,8,7.318440e-09
6,2.203161,9,5.549607e-09
8,1.968041,8,8.454638e-09
12,1.625827,10,1.876959e-09
16,1.317855,9,5.071073e-09
20,1.298345,10,4.760525e-09
24,1.240486,11,2.988944e-09
28,1.138785,10,8.703923e-09
32,1.685856,11,4.588107e-09
36,1.675757,9,9.799041e-09
40,1.698379,10,2.493651e-09
48,1.760433,9,9.879064e-09
56,2.234113,10,2.532142e-09
