dist,time,ite,resi
0,1.138892,10,6.281803e-09
1,21.209652,10,6.281803e-09
2,21.140535,10,6.281803e-09
3,21.172278,10,6.281803e-09
